Date,GBP_JPY,UK_10Y,JP_10Y,Spread,Rolling_Corr_60D
2023-03-13,162.27269,3.5638,0.32,3.2438000000000002,
2023-03-14,163.15646,3.5638,0.32,3.2438000000000002,
2023-03-15,160.66278,3.5638,0.32,3.2438000000000002,
2023-03-16,161.75309,3.5638,0.32,3.2438000000000002,
2023-03-17,160.47015,3.5638,0.32,3.2438000000000002,
2023-03-20,161.15276,3.5638,0.32,3.2438000000000002,
2023-03-21,161.77119,3.5638,0.32,3.2438000000000002,
2023-03-22,161.17698,3.5638,0.32,3.2438000000000002,
2023-03-23,160.71887,3.5638,0.32,3.2438000000000002,
2023-03-24,159.84732,3.5638,0.32,3.2438000000000002,
2023-03-27,161.55927,3.5638,0.32,3.2438000000000002,
2023-03-28,161.38374,3.5638,0.32,3.2438000000000002,
2023-03-29,163.42771,3.5638,0.32,3.2438000000000002,
2023-03-30,164.30701,3.5638,0.32,3.2438000000000002,
2023-03-31,163.77854,3.5638,0.32,3.2438000000000002,
2023-04-03,164.38784,3.5638,0.32,3.2438000000000002,
2023-04-04,164.66067,3.5638,0.32,3.2438000000000002,
2023-04-05,163.52695,3.5638,0.32,3.2438000000000002,
2023-04-06,163.79397,3.5638,0.32,3.2438000000000002,
2023-04-07,164.05733,3.5638,0.32,3.2438000000000002,
2023-04-10,165.4245,3.5638,0.32,3.2438000000000002,
2023-04-11,166.07138,3.5638,0.32,3.2438000000000002,
2023-04-12,166.17819,3.5638,0.32,3.2438000000000002,
2023-04-13,166.0082,3.5638,0.32,3.2438000000000002,
2023-04-14,166.01767,3.5638,0.32,3.2438000000000002,
2023-04-17,166.38309,3.5638,0.32,3.2438000000000002,
2023-04-18,166.58024,3.5638,0.32,3.2438000000000002,
2023-04-19,167.37231,3.5638,0.32,3.2438000000000002,
2023-04-20,166.95492,3.5638,0.32,3.2438000000000002,
2023-04-21,166.77922,3.5638,0.32,3.2438000000000002,
2023-04-24,167.5178,3.5638,0.32,3.2438000000000002,
2023-04-25,165.94556,3.5638,0.32,3.2438000000000002,
2023-04-26,166.58904,3.5638,0.32,3.2438000000000002,
2023-04-27,167.27146,3.5638,0.32,3.2438000000000002,
2023-04-28,171.13379,3.5638,0.32,3.2438000000000002,
2023-05-01,171.73227,3.9621,0.43,3.5321,
2023-05-02,170.23462,3.9621,0.43,3.5321,
2023-05-03,169.13073,3.9621,0.43,3.5321,
2023-05-04,168.74967,3.9621,0.43,3.5321,
2023-05-05,170.27505,3.9621,0.43,3.5321,
2023-05-08,170.41114,3.9621,0.43,3.5321,
2023-05-09,170.58409,3.9621,0.43,3.5321,
2023-05-10,169.48395,3.9621,0.43,3.5321,
2023-05-11,168.28546,3.9621,0.43,3.5321,
2023-05-12,168.9618,3.9621,0.43,3.5321,
2023-05-15,170.47852,3.9621,0.43,3.5321,
2023-05-16,170.21001,3.9621,0.43,3.5321,
2023-05-17,171.76819,3.9621,0.43,3.5321,
2023-05-18,172.01306,3.9621,0.43,3.5321,
2023-05-19,171.57538,3.9621,0.43,3.5321,
2023-05-22,172.28216,3.9621,0.43,3.5321,
2023-05-23,171.97478,3.9621,0.43,3.5321,
2023-05-24,172.29605,3.9621,0.43,3.5321,
2023-05-25,172.53375,3.9621,0.43,3.5321,
2023-05-26,173.54484,3.9621,0.43,3.5321,
2023-05-29,173.42764,3.9621,0.43,3.5321,
2023-05-30,173.48904,3.9621,0.43,3.5321,
2023-05-31,173.26149,3.9621,0.43,3.5321,
2023-06-01,173.84358,4.3659,0.395,3.9709,
2023-06-02,174.19203,4.3659,0.395,3.9709,0.8081389486396551
2023-06-05,173.47674,4.3659,0.395,3.9709,0.8019273230838868
2023-06-06,173.37391,4.3659,0.395,3.9709,0.7980034787408675
2023-06-07,174.29369,4.3659,0.395,3.9709,0.8044199417333041
2023-06-08,174.42263,4.3659,0.395,3.9709,0.8098573794741842
2023-06-09,175.24449,4.3659,0.395,3.9709,0.821319448615643
2023-06-12,174.6282,4.3659,0.395,3.9709,0.8285821984745254
2023-06-13,176.795,4.3659,0.395,3.9709,0.8398773738232347
2023-06-14,177.30138,4.3659,0.395,3.9709,0.8520185612174095
2023-06-15,179.26387,4.3659,0.395,3.9709,0.8647784628711691
2023-06-16,181.79979,4.3659,0.395,3.9709,0.8755370625524677
2023-06-19,181.56619,4.3659,0.395,3.9709,0.8809265930419655
2023-06-20,180.43833,4.3659,0.395,3.9709,0.8881787200022682
2023-06-21,181.07181,4.3659,0.395,3.9709,0.8901854962112297
2023-06-22,182.32094,4.3659,0.395,3.9709,0.8890510237255509
2023-06-23,182.62142,4.3659,0.395,3.9709,0.8878910242111264
2023-06-26,182.33831,4.3659,0.395,3.9709,0.8870068701133855
2023-06-27,183.60524,4.3659,0.395,3.9709,0.883815946125797
2023-06-28,182.4225,4.3659,0.395,3.9709,0.8832099305871464
2023-06-29,182.49963,4.3659,0.395,3.9709,0.8820925030339027
2023-06-30,183.1076,4.3659,0.395,3.9709,0.8797886500519175
2023-07-03,183.54984,4.3659,0.395,3.9709,0.8766468475354942
2023-07-04,183.59335,4.3659,0.395,3.9709,0.8737261601974601
2023-07-05,183.60088,4.3659,0.395,3.9709,0.8707736836243197
2023-07-06,183.47511,4.3659,0.395,3.9709,0.8676298416073183
2023-07-07,182.37774,4.3659,0.395,3.9709,0.8650683856872596
2023-07-10,181.70514,4.3659,0.395,3.9709,0.8626555024549607
2023-07-11,181.44947,4.3659,0.395,3.9709,0.8599873977318683
2023-07-12,179.74996,4.3659,0.395,3.9709,0.8575583918702712
2023-07-13,181.28403,4.3659,0.395,3.9709,0.8543293906456644
2023-07-14,181.60071,4.3659,0.395,3.9709,0.8501022893213734
2023-07-17,181.3088,4.3659,0.395,3.9709,0.8467364970756911
2023-07-18,180.94855,4.3659,0.395,3.9709,0.8392441881200208
2023-07-19,180.57621,4.3659,0.395,3.9709,0.8315440181217372
2023-07-20,180.16752,4.3659,0.395,3.9709,0.8241125497473275
2023-07-21,182.21273,4.3659,0.395,3.9709,0.833613476995997
2023-07-24,181.37956,4.3659,0.395,3.9709,0.8327484280908605
2023-07-25,181.77249,4.3659,0.395,3.9709,0.8295945767592188
2023-07-26,181.45309,4.3659,0.395,3.9709,0.8252111211970046
2023-07-27,178.37998,4.3659,0.395,3.9709,0.8173982386560997
2023-07-28,181.28304,4.3659,0.395,3.9709,0.812183531504642
2023-07-31,182.58072,4.3659,0.395,3.9709,0.8058994682679731
2023-08-01,182.54721,4.5298,0.64,3.8897999999999997,0.7943256867056726
2023-08-02,182.13481,4.5298,0.64,3.8897999999999997,0.7808970124690092
2023-08-03,181.1044,4.5298,0.64,3.8897999999999997,0.7663586417269583
2023-08-04,180.60656,4.5298,0.64,3.8897999999999997,0.7503284128415627
2023-08-07,182.09583,4.5298,0.64,3.8897999999999997,0.7315250936123436
2023-08-08,182.66246,4.5298,0.64,3.8897999999999997,0.7076481786593651
2023-08-09,182.70895,4.5298,0.64,3.8897999999999997,0.6846432939188368
2023-08-10,183.38479,4.5298,0.64,3.8897999999999997,0.6570988425142603
2023-08-11,183.97414,4.5298,0.64,3.8897999999999997,0.6206384597766296
2023-08-14,184.58223,4.5298,0.64,3.8897999999999997,0.5795458678661992
2023-08-15,184.83524,4.5298,0.64,3.8897999999999997,0.5271251776445975
2023-08-16,186.18248,4.5298,0.64,3.8897999999999997,0.4600513375544965
2023-08-17,185.84488,4.5298,0.64,3.8897999999999997,0.3811873445891927
2023-08-18,185.06874,4.5298,0.64,3.8897999999999997,0.29750945476382074
2023-08-21,186.47919,4.5298,0.64,3.8897999999999997,0.1737203510915506
2023-08-22,185.66411,4.5298,0.64,3.8897999999999997,-0.016211882704315308
2023-08-23,184.13142,4.5298,0.64,3.8897999999999997,-0.4973835799008237
2023-08-24,183.79763,4.5298,0.64,3.8897999999999997,-0.5041936345066292
2023-08-25,184.09717,4.5298,0.64,3.8897999999999997,-0.511873708291082
2023-08-28,184.61942,4.5298,0.64,3.8897999999999997,-0.5254517771272602
2023-08-29,184.47022,4.5298,0.64,3.8897999999999997,-0.5411078430484599
2023-08-30,185.88883,4.5298,0.64,3.8897999999999997,-0.5608076138694426
2023-08-31,184.37793,4.5298,0.64,3.8897999999999997,-0.5767413863256556
2023-09-01,183.99266,4.4199,0.765,3.6549,-0.4910401113847455
2023-09-04,184.91489,4.4199,0.765,3.6549,-0.502251920311341
2023-09-05,185.55342,4.4199,0.765,3.6549,-0.5318236798421154
2023-09-06,184.50557,4.4199,0.765,3.6549,-0.537954673799437
2023-09-07,183.66416,4.4199,0.765,3.6549,-0.5164394164539384
2023-09-08,184.24516,4.4199,0.765,3.6549,-0.5126806954303728
2023-09-11,183.32737,4.4199,0.765,3.6549,-0.48926789340059795
2023-09-12,183.70722,4.4199,0.765,3.6549,-0.47539059752100526
2023-09-13,184.05401,4.4199,0.765,3.6549,-0.46988260072969507
2023-09-14,182.92021,4.4199,0.765,3.6549,-0.44664602819628424
2023-09-15,183.03895,4.4199,0.765,3.6549,-0.4300070719726366
2023-09-18,182.79021,4.4199,0.765,3.6549,-0.40850681384317616
2023-09-19,183.11882,4.4199,0.765,3.6549,-0.4048859124093884
2023-09-20,182.89857,4.4199,0.765,3.6549,-0.3890179141424997
2023-09-21,181.3687,4.4199,0.765,3.6549,-0.34660074432732885
2023-09-22,181.5778,4.4199,0.765,3.6549,-0.3168207154289828
2023-09-25,181.71303,4.4199,0.765,3.6549,-0.29673303107136223
2023-09-26,181.09907,4.4199,0.765,3.6549,-0.2695510152973395
2023-09-27,181.41062,4.4199,0.765,3.6549,-0.2509374303124962
2023-09-28,182.16218,4.4199,0.765,3.6549,-0.24462058685306318
2023-09-29,182.1378,4.4199,0.765,3.6549,-0.228116041038854
2023-10-02,181.09527,4.4199,0.765,3.6549,-0.19162087643299916
2023-10-03,179.98553,4.4199,0.765,3.6549,-0.13899933195936764
2023-10-04,180.85697,4.4199,0.765,3.6549,-0.0831781969696822
2023-10-05,181.00322,4.4199,0.765,3.6549,-0.043963890522468504
2023-10-06,182.68152,4.4199,0.765,3.6549,-0.026911546436693263
2023-10-09,181.76594,4.4199,0.765,3.6549,0.00435422804948994
2023-10-10,182.60192,4.4199,0.765,3.6549,0.03301046159535681
2023-10-11,183.52008,4.4199,0.765,3.6549,0.060303371012810275
2023-10-12,182.35976,4.4199,0.765,3.6549,0.10951939284442401
2023-10-13,181.47832,4.4199,0.765,3.6549,0.13677664799811773
2023-10-16,182.59816,4.4199,0.765,3.6549,0.16901253129305774
2023-10-17,182.49025,4.4199,0.765,3.6549,0.1976786716935332
2023-10-18,181.83535,4.4199,0.765,3.6549,0.23971614886040424
2023-10-19,181.83523,4.4199,0.765,3.6549,0.3633903990363263
2023-10-20,182.1945,4.4199,0.765,3.6549,0.42028917724326836
2023-10-23,183.28479,4.4199,0.765,3.6549,0.44147348513754026
2023-10-24,182.2016,4.4199,0.765,3.6549,0.46043859788709923
2023-10-25,181.79789,4.4199,0.765,3.6549,0.4889833941851554
2023-10-26,182.36631,4.4199,0.765,3.6549,0.5381537755018171
2023-10-27,181.34391,4.4199,0.765,3.6549,0.6068858512615078
2023-10-30,181.33505,4.4199,0.765,3.6549,0.6419322739533411
2023-10-31,184.19951,4.4199,0.765,3.6549,0.6513693951275232
2023-11-01,183.38336,4.2721,0.66,3.6121,0.6660328529553218
2023-11-02,183.51557,4.2721,0.66,3.6121,0.6683626902990378
2023-11-03,184.81452,4.2721,0.66,3.6121,0.6424609017785333
2023-11-06,185.25064,4.2721,0.66,3.6121,0.6011502808062654
2023-11-07,184.92203,4.2721,0.66,3.6121,0.5629895791117107
2023-11-08,185.46401,4.2721,0.66,3.6121,0.4961820679617634
2023-11-09,184.97956,4.2721,0.66,3.6121,0.4368927908294759
2023-11-10,185.15483,4.2721,0.66,3.6121,0.3846230357927815
2023-11-13,186.28969,4.2721,0.66,3.6121,0.2819113590850621
2023-11-14,187.9319,4.2721,0.66,3.6121,0.16832330416035898
2023-11-15,187.90813,4.2721,0.66,3.6121,0.10397666558813107
2023-11-16,187.10904,4.2721,0.66,3.6121,0.06282948232060263
2023-11-17,186.30041,4.2721,0.66,3.6121,0.019808798534903825
2023-11-20,185.4923,4.2721,0.66,3.6121,-0.04169686661981583
2023-11-21,186.04352,4.2721,0.66,3.6121,-0.11850206969212496
2023-11-22,186.81158,4.2721,0.66,3.6121,-0.3292311914779752
2023-11-23,187.45527,4.2721,0.66,3.6121,-0.7686216274543463
2023-11-24,188.2687,4.2721,0.66,3.6121,-0.7836318961469569
2023-11-27,187.72881,4.2721,0.66,3.6121,-0.8053802915634017
2023-11-28,187.1894,4.2721,0.66,3.6121,-0.8323457883328651
2023-11-29,186.9163,4.2721,0.66,3.6121,-0.8476194682118786
2023-11-30,187.0233,4.2721,0.66,3.6121,-0.8563021603706931
2023-12-01,186.51933,3.8622,0.62,3.2422,-0.46993643280139946
2023-12-04,185.95693,3.8622,0.62,3.2422,-0.4289024576402506
2023-12-05,185.2894,3.8622,0.62,3.2422,-0.4036198531574612
2023-12-06,185.01001,3.8622,0.62,3.2422,-0.38754141382475293
2023-12-07,181.45541,3.8622,0.62,3.2422,-0.2889278283693442
2023-12-08,181.76102,3.8622,0.62,3.2422,-0.21886209022825823
2023-12-11,183.48108,3.8622,0.62,3.2422,-0.1957604383369541
2023-12-12,182.72467,3.8622,0.62,3.2422,-0.16282439269829685
2023-12-13,180.28187,3.8622,0.62,3.2422,-0.08988634815346662
2023-12-14,181.08585,3.8622,0.62,3.2422,-0.034282108658508496
2023-12-15,180.12818,3.8622,0.62,3.2422,0.029787913639179785
2023-12-18,180.53233,3.8622,0.62,3.2422,0.08149112715329063
2023-12-19,183.11306,3.8622,0.62,3.2422,0.09963036678023586
2023-12-20,181.4039,3.8622,0.62,3.2422,0.13775517402167795
2023-12-21,180.31749,3.8622,0.62,3.2422,0.1814913984370418
2023-12-22,180.74959,3.8622,0.62,3.2422,0.21776610481111522
2023-12-25,180.40326,3.8622,0.62,3.2422,0.2616251025702726
2023-12-26,181.17464,3.8622,0.62,3.2422,0.3064537266700302
2023-12-27,181.49982,3.8622,0.62,3.2422,0.34190719312784645
2023-12-28,180.02072,3.8622,0.62,3.2422,0.3861233144060551
2023-12-29,179.49045,3.8622,0.62,3.2422,0.41779486593815324
2024-01-01,179.22381,3.9319,0.73,3.2019,0.4584991225754843
2024-01-02,179.11014,3.9319,0.73,3.2019,0.4902607210594406
2024-01-03,181.46962,3.9319,0.73,3.2019,0.501535296309335
2024-01-04,183.40926,3.9319,0.73,3.2019,0.5061454692024174
2024-01-05,183.89597,3.9319,0.73,3.2019,0.5154643243657113
2024-01-08,183.84267,3.9319,0.73,3.2019,0.5175338950855902
2024-01-09,183.61848,3.9319,0.73,3.2019,0.5237303048345148
2024-01-10,185.72102,3.9319,0.73,3.2019,0.5183707184762688
2024-01-11,185.41796,3.9319,0.73,3.2019,0.5189986494193776
2024-01-12,184.71348,3.9319,0.73,3.2019,0.5250699406336427
2024-01-15,185.45731,3.9319,0.73,3.2019,0.5167085901190803
2024-01-16,185.9739,3.9319,0.73,3.2019,0.5160777821488197
2024-01-17,187.7835,3.9319,0.73,3.2019,0.5045809055924614
2024-01-18,188.22394,3.9319,0.73,3.2019,0.4869281014332026
2024-01-19,188.13441,3.9319,0.73,3.2019,0.4865785701273835
2024-01-22,188.19764,3.9319,0.73,3.2019,0.4908092074053635
2024-01-23,188.1617,3.9319,0.73,3.2019,0.4690033201359116
2024-01-24,187.67727,3.9319,0.73,3.2019,0.45898197992280404
2024-01-25,187.62607,3.9319,0.73,3.2019,0.4511311132119445
2024-01-26,188.18627,3.9319,0.73,3.2019,0.4303129044675705
2024-01-29,187.44804,3.9319,0.73,3.2019,0.4136264106148185
2024-01-30,187.42564,3.9319,0.73,3.2019,0.40157847438875865
2024-01-31,186.34779,3.9319,0.73,3.2019,0.3927109036723809
2024-02-01,186.56039,4.123,0.71,3.4130000000000003,0.4022485603114207
2024-02-02,187.28928,4.123,0.71,3.4130000000000003,0.4122982060170209
2024-02-05,186.31543,4.123,0.71,3.4130000000000003,0.4112991850420814
2024-02-06,186.31696,4.123,0.71,3.4130000000000003,0.3961085840346573
2024-02-07,187.07599,4.123,0.71,3.4130000000000003,0.3817879109866194
2024-02-08,188.39372,4.123,0.71,3.4130000000000003,0.37687725476503403
2024-02-09,188.43122,4.123,0.71,3.4130000000000003,0.3815144554352551
2024-02-12,188.59402,4.123,0.71,3.4130000000000003,0.3976490127610091
2024-02-13,189.85489,4.123,0.71,3.4130000000000003,0.41193752935305833
2024-02-14,189.18114,4.123,0.71,3.4130000000000003,0.4194083273213561
2024-02-15,188.86357,4.123,0.71,3.4130000000000003,0.4211048373062128
2024-02-16,189.19502,4.123,0.71,3.4130000000000003,0.41576967568641715
2024-02-19,189.04355,4.123,0.71,3.4130000000000003,0.4190059000372988
2024-02-20,189.33529,4.123,0.71,3.4130000000000003,0.4349264756743216
2024-02-21,189.90426,4.123,0.71,3.4130000000000003,0.4644170865815703
2024-02-22,190.55942,4.123,0.71,3.4130000000000003,0.5064720206454117
2024-02-23,190.62371,4.123,0.71,3.4130000000000003,0.5312385781847936
2024-02-26,191.15613,4.123,0.71,3.4130000000000003,0.5536306919920948
2024-02-27,190.86868,4.123,0.71,3.4130000000000003,0.5714355855522738
2024-02-28,190.78981,4.123,0.71,3.4130000000000003,0.5866429539463487
2024-02-29,189.30989,4.123,0.71,3.4130000000000003,0.5946289754820121
2024-03-01,189.87598,4.033,0.725,3.3080000000000003,0.5901781496954329
2024-03-04,191.03452,4.033,0.725,3.3080000000000003,0.5828201752981342
2024-03-05,190.61624,4.033,0.725,3.3080000000000003,0.5765480967929573
2024-03-06,190.15763,4.033,0.725,3.3080000000000003,0.5734039085560535
2024-03-07,189.60715,4.033,0.725,3.3080000000000003,0.5701524033638965
2024-03-08,189.00412,4.033,0.725,3.3080000000000003,0.5693726328352002
2024-03-11,188.30056,4.033,0.725,3.3080000000000003,0.5686393831484399
2024-03-12,188.83531,4.033,0.725,3.3080000000000003,0.5648979863947898
2024-03-13,188.91837,4.033,0.725,3.3080000000000003,0.5620485575396224
2024-03-14,189.10786,4.033,0.725,3.3080000000000003,0.5611353242219644
2024-03-15,189.85314,4.033,0.725,3.3080000000000003,0.5583269925416634
2024-03-18,189.78659,4.033,0.725,3.3080000000000003,0.5569270375365266
2024-03-19,191.82674,4.033,0.725,3.3080000000000003,0.5480355496922771
2024-03-20,193.27257,4.033,0.725,3.3080000000000003,0.5323865474036444
2024-03-21,191.85026,4.033,0.725,3.3080000000000003,0.5274867737702842
2024-03-22,190.81568,4.033,0.725,3.3080000000000003,0.5298157226057811
2024-03-25,191.32141,4.033,0.725,3.3080000000000003,0.5137641816282241
2024-03-26,191.3291,4.033,0.725,3.3080000000000003,0.49823871251210083
2024-03-27,191.13336,4.033,0.725,3.3080000000000003,0.4744777966913206
2024-03-28,191.01128,4.033,0.725,3.3080000000000003,0.4473697484921702
2024-03-29,190.98978,4.033,0.725,3.3080000000000003,0.4179480650357228
2024-04-01,190.3094,4.2172,0.87,3.3472,0.39218991008902215
2024-04-02,190.64681,4.2172,0.87,3.3472,0.361089961135125
2024-04-03,191.82106,4.2172,0.87,3.3472,0.33529159799966063
2024-04-04,191.25934,4.2172,0.87,3.3472,0.3040088696524841
2024-04-05,191.57313,4.2172,0.87,3.3472,0.2612552530482421
2024-04-08,192.08469,4.2172,0.87,3.3472,0.2176203710518963
2024-04-09,192.33297,4.2172,0.87,3.3472,0.1732735326513333
2024-04-10,191.78227,4.2172,0.87,3.3472,0.1503949683755666
2024-04-11,192.33592,4.2172,0.87,3.3472,0.1318814087134037
2024-04-12,190.7838,4.2172,0.87,3.3472,0.10863510737182326
2024-04-15,191.90585,4.2172,0.87,3.3472,0.0837174407361571
2024-04-16,192.165,4.2172,0.87,3.3472,0.05424492125028004
2024-04-17,192.19874,4.2172,0.87,3.3472,0.009382572532004226
2024-04-18,192.30102,4.2172,0.87,3.3472,-0.044325236740604367
2024-04-19,191.18547,4.2172,0.87,3.3472,-0.09371489184311192
2024-04-22,191.18384,4.2172,0.87,3.3472,-0.17553065163297968
2024-04-23,192.63539,4.2172,0.87,3.3472,-0.2763064689291675
2024-04-24,193.42742,4.2172,0.87,3.3472,-0.4484956865572563
2024-04-25,194.65578,4.2172,0.87,3.3472,-0.40861592604948405
2024-04-26,197.7402,4.2172,0.87,3.3472,-0.34399745274841986
2024-04-29,196.28823,4.2172,0.87,3.3472,-0.29440817788696366
2024-04-30,197.02723,4.2172,0.87,3.3472,-0.2403431492176738
2024-05-01,193.14047,4.2229,1.07,3.1529,-0.24352859389572853
2024-05-02,192.60232,4.2229,1.07,3.1529,-0.2391999889448876
2024-05-03,191.86534,4.2229,1.07,3.1529,-0.21462498460977347
2024-05-06,193.29293,4.2229,1.07,3.1529,-0.22803984739695193
2024-05-07,193.34939,4.2229,1.07,3.1529,-0.24924814181737961
2024-05-08,194.30222,4.2229,1.07,3.1529,-0.278465189234891
2024-05-09,194.69322,4.2229,1.07,3.1529,-0.3054629016346725
2024-05-10,194.95573,4.2229,1.07,3.1529,-0.33276816689308897
2024-05-13,196.14405,4.2229,1.07,3.1529,-0.3675705354012392
2024-05-14,196.92587,4.2229,1.07,3.1529,-0.40411520798948514
2024-05-15,196.31296,4.2229,1.07,3.1529,-0.4322880245874945
2024-05-16,196.80928,4.2229,1.07,3.1529,-0.4638889280422616
2024-05-17,197.63613,4.2229,1.07,3.1529,-0.4951202404808809
2024-05-20,198.49194,4.2229,1.07,3.1529,-0.528482586622165
2024-05-21,198.42921,4.2229,1.07,3.1529,-0.5544314852991716
2024-05-22,199.23029,4.2229,1.07,3.1529,-0.5774640996950656
2024-05-23,199.3046,4.2229,1.07,3.1529,-0.5878110630923569
2024-05-24,199.88261,4.2229,1.07,3.1529,-0.6080766910429821
2024-05-27,200.27188,4.2229,1.07,3.1529,-0.6247794898635537
2024-05-28,200.54011,4.2229,1.07,3.1529,-0.6391851705389905
2024-05-29,200.16757,4.2229,1.07,3.1529,-0.6520342336017463
2024-05-30,199.61152,4.2229,1.07,3.1529,-0.6637642922291088
2024-05-31,200.40319,4.2229,1.07,3.1529,-0.6752602846157783
2024-06-03,199.88677,4.2229,1.07,3.1529,-0.6874230270620847
2024-06-04,197.68544,4.2229,1.07,3.1529,-0.6950484731743695
2024-06-05,199.47697,4.2229,1.07,3.1529,-0.7041275325539081
2024-06-06,199.0115,4.2229,1.07,3.1529,-0.7119642837702695
2024-06-07,199.38541,4.2229,1.07,3.1529,-0.7178537957251617
2024-06-10,199.81644,4.2229,1.07,3.1529,-0.7233014834073559
2024-06-11,200.14468,4.2229,1.07,3.1529,-0.7262474154225089
2024-06-12,200.41144,4.2229,1.07,3.1529,-0.7298036949045427
2024-06-13,200.31315,4.2229,1.07,3.1529,-0.7316025898760131
2024-06-14,199.51703,4.2229,1.07,3.1529,-0.7333780739107026
2024-06-17,200.33664,4.2229,1.07,3.1529,-0.7341865659649902
2024-06-18,200.57944,4.2229,1.07,3.1529,-0.73435743581511
2024-06-19,200.95284,4.2229,1.07,3.1529,-0.7338029208169083
2024-06-20,201.13279,4.2229,1.07,3.1529,-0.7326906946930947
2024-06-21,202.02537,4.2229,1.07,3.1529,-0.7297803960823364
2024-06-24,202.42854,4.2229,1.07,3.1529,-0.7206191389863102
2024-06-25,202.52536,4.2229,1.07,3.1529,-0.7107514175221535
2024-06-26,202.90921,4.2229,1.07,3.1529,-0.7013833981802875
2024-06-27,203.16971,4.2229,1.07,3.1529,-0.6894496962686729
2024-06-28,203.34369,4.2229,1.07,3.1529,-0.6769257419597695
2024-07-01,204.16924,4.1386,1.045,3.0936000000000003,-0.6765311986735479
2024-07-02,204.68955,4.1386,1.045,3.0936000000000003,-0.6756617656308791
2024-07-03,205.83707,4.1386,1.045,3.0936000000000003,-0.6711641849683277
2024-07-04,205.70799,4.1386,1.045,3.0936000000000003,-0.6675641173572241
2024-07-05,205.9164,4.1386,1.045,3.0936000000000003,-0.6570863338662595
2024-07-08,205.91122,4.1386,1.045,3.0936000000000003,-0.6486431697244076
2024-07-09,206.22234,4.1386,1.045,3.0936000000000003,-0.6394806736453058
2024-07-10,207.58837,4.1386,1.045,3.0936000000000003,-0.6278443628370094
2024-07-11,205.20217,4.1386,1.045,3.0936000000000003,-0.6153762314848323
2024-07-12,204.96405,4.1386,1.045,3.0936000000000003,-0.5930911180528337
2024-07-15,204.91976,4.1386,1.045,3.0936000000000003,-0.565158362632307
2024-07-16,205.3465,4.1386,1.045,3.0936000000000003,-0.5424646411248186
2024-07-17,203.12148,4.1386,1.045,3.0936000000000003,-0.5180847658022929
2024-07-18,203.59334,4.1386,1.045,3.0936000000000003,-0.5055528020482141
2024-07-19,203.25504,4.1386,1.045,3.0936000000000003,-0.5446883642409712
2024-07-22,202.89258,4.1386,1.045,3.0936000000000003,-0.5834840520929673
2024-07-23,200.77113,4.1386,1.045,3.0936000000000003,-0.7135747445652942
2024-07-24,198.45257,4.1386,1.045,3.0936000000000003,-0.6877002857663623
2024-07-25,197.80232,4.1386,1.045,3.0936000000000003,-0.6581541117804459
2024-07-26,197.73054,4.1386,1.045,3.0936000000000003,-0.6308101041022328
2024-07-29,198.0132,4.1386,1.045,3.0936000000000003,-0.6002215900321498
2024-07-30,195.91212,4.1386,1.045,3.0936000000000003,-0.5468042691843997
2024-07-31,192.64524,4.1386,1.045,3.0936000000000003,-0.45296959877296783
2024-08-01,190.16749,3.9444,0.89,3.0544,-0.25969634016005466
2024-08-02,187.54578,3.9444,0.89,3.0544,-0.07393113416566291
2024-08-05,183.99474,3.9444,0.89,3.0544,0.09106167430738311
2024-08-06,183.37166,3.9444,0.89,3.0544,0.2105211952766414
2024-08-07,186.18684,3.9444,0.89,3.0544,0.29295326741373934
2024-08-08,187.58513,3.9444,0.89,3.0544,0.3550964470964563
2024-08-09,187.05806,3.9444,0.89,3.0544,0.4070522398123134
2024-08-12,187.81237,3.9444,0.89,3.0544,0.44740414076136903
2024-08-13,188.78612,3.9444,0.89,3.0544,0.4808338794185362
2024-08-14,189.04276,3.9444,0.89,3.0544,0.5078754483049587
2024-08-15,191.89973,3.9444,0.89,3.0544,0.5259066190470338
2024-08-16,191.02626,3.9444,0.89,3.0544,0.5429588525966718
2024-08-19,190.35782,3.9444,0.89,3.0544,0.5588061058742126
2024-08-20,189.07688,3.9444,0.89,3.0544,0.5744502087478673
2024-08-21,190.033,3.9444,0.89,3.0544,0.5883092213123736
2024-08-22,191.38459,3.9444,0.89,3.0544,0.6006430141637263
2024-08-23,190.76655,3.9444,0.89,3.0544,0.6110591101049707
2024-08-26,190.5271,3.9444,0.89,3.0544,0.6225484060398456
2024-08-27,190.7677,3.9444,0.89,3.0544,0.6401892702990694
2024-08-28,190.53313,3.9444,0.89,3.0544,0.6520649489969317
2024-08-29,190.83036,3.9444,0.89,3.0544,0.6648775003904822
2024-08-30,191.87062,3.9444,0.89,3.0544,0.6753041663550666
2024-09-02,193.06904,3.9444,0.89,3.0544,0.6829487566674018
2024-09-03,190.57273,3.9444,0.89,3.0544,0.6926302948142998
2024-09-04,188.83946,3.9444,0.89,3.0544,0.7025705200730887
2024-09-05,188.99357,3.9444,0.89,3.0544,0.7129713013801728
2024-09-06,186.73289,3.9444,0.89,3.0544,0.7268569938625193
2024-09-09,187.10208,3.9444,0.89,3.0544,0.738505568043364
2024-09-10,186.2102,3.9444,0.89,3.0544,0.7499854160314279
2024-09-11,185.56181,3.9444,0.89,3.0544,0.7610644471640905
2024-09-12,186.1179,3.9444,0.89,3.0544,0.7733996120074271
2024-09-13,184.71052,3.9444,0.89,3.0544,0.7837410896160237
2024-09-16,185.78594,3.9444,0.89,3.0544,0.7959222756707025
2024-09-17,187.29656,3.9444,0.89,3.0544,0.8122908069695917
2024-09-18,187.69298,3.9444,0.89,3.0544,0.8335039255720013
2024-09-19,189.42179,3.9444,0.89,3.0544,0.8639841016762992
2024-09-20,191.56664,3.9444,0.89,3.0544,0.9125862167483496
2024-09-23,191.59663,3.9444,0.89,3.0544,0.9087332414019091
2024-09-24,191.98194,3.9444,0.89,3.0544,0.9041084702508687
2024-09-25,192.67548,3.9444,0.89,3.0544,0.8984233910801638
2024-09-26,194.15829,3.9444,0.89,3.0544,0.8896051893058528
2024-09-27,190.09719,3.9444,0.89,3.0544,0.8856553830584446
2024-09-30,191.98993,3.9444,0.89,3.0544,0.8791875427420182
2024-10-01,190.73351,4.1993,0.935,3.2643,0.46039399989972396
2024-10-02,194.11933,4.1993,0.935,3.2643,0.3764143687505262
2024-10-03,192.73034,4.1993,0.935,3.2643,0.3241676821524624
2024-10-04,195.00738,4.1993,0.935,3.2643,0.32112684052935536
2024-10-07,193.75506,4.1993,0.935,3.2643,0.3175574025122684
2024-10-08,194.22921,4.1993,0.935,3.2643,0.3306456050919742
2024-10-09,194.90324,4.1993,0.935,3.2643,0.3534560487981323
2024-10-10,193.89079,4.1993,0.935,3.2643,0.3768103600220534
2024-10-11,194.80099,4.1993,0.935,3.2643,0.4163783620350976
2024-10-14,195.52013,4.1993,0.935,3.2643,0.4704645682734788
2024-10-15,194.9846,4.1993,0.935,3.2643,0.517524299768086
2024-10-16,194.29694,4.1993,0.935,3.2643,0.5517334187206107
2024-10-17,195.35596,4.1993,0.935,3.2643,0.5920692330724626
2024-10-18,195.04803,4.1993,0.935,3.2643,0.6327210099680953
2024-10-21,195.66269,4.1993,0.935,3.2643,0.6810314817470865
2024-10-22,196.01403,4.1993,0.935,3.2643,0.7154922155373452
2024-10-23,197.20126,4.1993,0.935,3.2643,0.7339437749242597
2024-10-24,196.89263,4.1993,0.935,3.2643,0.7466713895643042
2024-10-25,197.293,4.1993,0.935,3.2643,0.7552511335794735
2024-10-28,198.66069,4.1993,0.935,3.2643,0.7697849296048099
2024-10-29,199.45134,4.1993,0.935,3.2643,0.7854321624258798
2024-10-30,198.73457,4.1993,0.935,3.2643,0.7918065744404508
2024-10-31,196.01301,4.1993,0.935,3.2643,0.7948843928281335
2024-11-01,197.698,4.4164,1.05,3.3664000000000005,0.8027111188238226
2024-11-04,197.09146,4.4164,1.05,3.3664000000000005,0.8064785912204827
2024-11-05,197.70572,4.4164,1.05,3.3664000000000005,0.8118758562659366
2024-11-06,199.13304,4.4164,1.05,3.3664000000000005,0.8199382483849992
2024-11-07,198.58275,4.4164,1.05,3.3664000000000005,0.8312620925130885
2024-11-08,197.09323,4.4164,1.05,3.3664000000000005,0.8353201742751238
2024-11-11,197.76039,4.4164,1.05,3.3664000000000005,0.8393973147098189
2024-11-12,197.06808,4.4164,1.05,3.3664000000000005,0.8395517111635669
2024-11-13,197.52834,4.4164,1.05,3.3664000000000005,0.8416770786620813
2024-11-14,197.87395,4.4164,1.05,3.3664000000000005,0.8471554357015857
2024-11-15,194.71327,4.4164,1.05,3.3664000000000005,0.8408356690013346
2024-11-18,196.05318,4.4164,1.05,3.3664000000000005,0.8394304082665163
2024-11-19,196.08729,4.4164,1.05,3.3664000000000005,0.8387146807251624
2024-11-20,196.59867,4.4164,1.05,3.3664000000000005,0.838816399077918
2024-11-21,194.51229,4.4164,1.05,3.3664000000000005,0.8325934713388954
2024-11-22,193.89835,4.4164,1.05,3.3664000000000005,0.8275120563919471
2024-11-25,193.76514,4.4164,1.05,3.3664000000000005,0.828050587278647
2024-11-26,192.38237,4.4164,1.05,3.3664000000000005,0.8121090398108284
2024-11-27,191.53067,4.4164,1.05,3.3664000000000005,0.7868844679777923
2024-11-28,192.18036,4.4164,1.05,3.3664000000000005,0.7655506973301105
2024-11-29,190.67375,4.4164,1.05,3.3664000000000005,0.7300700390613786
2024-12-02,189.27462,4.4164,1.05,3.3664000000000005,0.6820442736963525
2024-12-03,189.56194,4.4164,1.05,3.3664000000000005,0.6322111190972409
2024-12-04,191.20109,4.4164,1.05,3.3664000000000005,0.5886185658873759
2024-12-05,191.45413,4.4164,1.05,3.3664000000000005,0.5418204681672744
2024-12-06,191.03349,4.4164,1.05,3.3664000000000005,0.4807001789668525
2024-12-09,192.77603,4.4164,1.05,3.3664000000000005,0.42256052351583423
2024-12-10,194.00415,4.4164,1.05,3.3664000000000005,0.3675094915459133
2024-12-11,194.33012,4.4164,1.05,3.3664000000000005,0.3048906087570508
2024-12-12,193.39404,4.4164,1.05,3.3664000000000005,0.24216128928700048
2024-12-13,193.87725,4.4164,1.05,3.3664000000000005,0.2020068720804104
2024-12-16,195.45481,4.4164,1.05,3.3664000000000005,0.16395219295788926
2024-12-17,194.95904,4.4164,1.05,3.3664000000000005,0.12299108474983485
2024-12-18,194.64116,4.4164,1.05,3.3664000000000005,0.0867182995197221
2024-12-19,196.78542,4.4164,1.05,3.3664000000000005,0.08909498631836485
2024-12-20,196.51757,4.4164,1.05,3.3664000000000005,-0.030410623047506476
2024-12-23,196.88999,4.4164,1.05,3.3664000000000005,-0.13868965385769663
2024-12-24,196.94983,4.4164,1.05,3.3664000000000005,-0.1725489367933789
2024-12-25,197.32312,4.4164,1.05,3.3664000000000005,-0.1717118561492427
2024-12-26,197.80825,4.4164,1.05,3.3664000000000005,-0.18488535019989566
2024-12-27,198.34149,4.4164,1.05,3.3664000000000005,-0.17297844650510275
2024-12-30,196.85773,4.4164,1.05,3.3664000000000005,-0.1852396478820411
2024-12-31,196.68071,4.4164,1.05,3.3664000000000005,-0.1951823191810007
2025-01-01,196.70027,4.6627,1.245,3.4177,-0.18508271504644408
2025-01-02,194.86776,4.6627,1.245,3.4177,-0.21045656245268873
2025-01-03,195.35508,4.6627,1.245,3.4177,-0.22048030611870004
2025-01-06,197.20218,4.6627,1.245,3.4177,-0.20199079098342937
2025-01-07,197.13577,4.6627,1.245,3.4177,-0.19317862441369704
2025-01-08,195.72898,4.6627,1.245,3.4177,-0.21113027228838616
2025-01-09,194.53731,4.6627,1.245,3.4177,-0.22730721157657663
2025-01-10,192.41091,4.6627,1.245,3.4177,-0.26609286696353485
2025-01-13,192.09053,4.6627,1.245,3.4177,-0.29754150549140174
2025-01-14,192.91137,4.6627,1.245,3.4177,-0.31792328839524736
2025-01-15,191.43577,4.6627,1.245,3.4177,-0.3288093604552178
2025-01-16,189.82493,4.6627,1.245,3.4177,-0.3506832876864566
2025-01-17,190.07102,4.6627,1.245,3.4177,-0.3641837749606037
2025-01-20,191.73404,4.6627,1.245,3.4177,-0.34491935911187876
2025-01-21,190.68828,4.6627,1.245,3.4177,-0.3105033085253362
2025-01-22,192.72862,4.6627,1.245,3.4177,-0.2663805794865359
2025-01-23,192.75953,4.6627,1.245,3.4177,-0.2884704260352757
2025-01-24,194.53827,4.6627,1.245,3.4177,-0.27513073603709814
2025-01-27,193.0657,4.6627,1.245,3.4177,-0.2758071907854068
2025-01-28,193.46812,4.6627,1.245,3.4177,-0.2703603850343344
2025-01-29,193.14762,4.6627,1.245,3.4177,-0.2634115866483874
2025-01-30,191.57877,4.6627,1.245,3.4177,-0.26745218475428795
2025-01-31,192.29998,4.6627,1.245,3.4177,-0.26816121479690364
2025-02-03,192.58626,4.6627,1.245,3.4177,-0.26317771020558106
2025-02-04,192.53331,4.6627,1.245,3.4177,-0.2591110434290095
2025-02-05,190.81492,4.6627,1.245,3.4177,-0.2627454249589582
2025-02-06,188.12481,4.6627,1.245,3.4177,-0.2747237668093448
2025-02-07,187.6545,4.6627,1.245,3.4177,-0.29765684561763084
2025-02-10,187.9438,4.6627,1.245,3.4177,-0.3101173615689057
2025-02-11,189.75806,4.6627,1.245,3.4177,-0.3144520347468184
2025-02-12,192.13043,4.6627,1.245,3.4177,-0.30438506519894376
2025-02-13,191.96546,4.6627,1.245,3.4177,-0.30431384504663195
2025-02-14,191.58425,4.6627,1.245,3.4177,-0.30922215965726324
2025-02-17,191.22153,4.6627,1.245,3.4177,-0.31599897731094806
2025-02-18,191.7566,4.6627,1.245,3.4177,-0.33037048193987434
2025-02-19,190.60537,4.6627,1.245,3.4177,-0.35643279673486045
2025-02-20,189.50995,4.6627,1.245,3.4177,-0.3792753542489894
2025-02-21,188.54328,4.6627,1.245,3.4177,-0.4167137699206115
2025-02-24,188.95659,4.6627,1.245,3.4177,-0.4693725379507603
2025-02-25,188.73018,4.6627,1.245,3.4177,-0.5196771362267815
2025-02-26,188.9434,4.6627,1.245,3.4177,-0.5517148559888979
2025-02-27,188.72679,4.6627,1.245,3.4177,-0.5810482651437386
2025-02-28,189.30131,4.6627,1.245,3.4177,-0.6161110075145091
2025-03-03,189.83549,4.6627,1.245,3.4177,-0.6340422099323318
2025-03-04,191.64192,4.6627,1.245,3.4177,-0.6402548144559084
2025-03-05,191.94693,4.6627,1.245,3.4177,-0.6437011176468249
2025-03-06,190.58865,4.6627,1.245,3.4177,-0.6581091362904411
2025-03-07,191.23038,4.6627,1.245,3.4177,-0.6686105565827064
2025-03-10,189.48929,4.6627,1.245,3.4177,-0.6652661875280168
2025-03-11,191.17699,4.6627,1.245,3.4177,-0.6667550020610936
2025-03-12,192.06924,4.6627,1.245,3.4177,-0.6712333128304
2025-03-13,191.29262,4.6627,1.245,3.4177,-0.6563746944147649
2025-03-14,192.18245,4.6627,1.245,3.4177,-0.6407031756319487
2025-03-17,193.67138,4.6627,1.245,3.4177,-0.6141415062032799
2025-03-18,194.01989,4.6627,1.245,3.4177,-0.5815369481689171
2025-03-19,193.48204,4.6627,1.245,3.4177,-0.5394456287101655
2025-03-20,192.91662,4.6627,1.245,3.4177,-0.4778745357897528
2025-03-21,192.72895,4.6627,1.245,3.4177,-0.37499223419178285
2025-03-24,194.66865,4.6627,1.245,3.4177,-0.26671192491525403
2025-03-25,194.00672,4.6627,1.245,3.4177,
2025-03-26,193.76358,4.6627,1.245,3.4177,
2025-03-27,195.58902,4.6627,1.245,3.4177,
2025-03-28,193.85005,4.6627,1.245,3.4177,
2025-03-31,193.62938,4.6627,1.245,3.4177,
2025-04-01,193.33543,4.5762,1.31,3.2662,-0.10803860318141292
2025-04-02,193.24273,4.5762,1.31,3.2662,-0.15856254885975232
2025-04-03,191.15895,4.5762,1.31,3.2662,-0.11837919787695703
2025-04-04,189.42126,4.5762,1.31,3.2662,-0.03038770819880005
2025-04-07,187.87338,4.5762,1.31,3.2662,0.07870557087005944
2025-04-08,186.69953,4.5762,1.31,3.2662,0.18525357613589735
2025-04-09,188.89041,4.5762,1.31,3.2662,0.22755455498441957
2025-04-10,187.32325,4.5762,1.31,3.2662,0.29609828782152786
2025-04-11,187.75666,4.5762,1.31,3.2662,0.34651945560488917
2025-04-14,188.45954,4.5762,1.31,3.2662,0.374575987723685
2025-04-15,189.30092,4.5762,1.31,3.2662,0.39171589036279186
2025-04-16,187.65457,4.5762,1.31,3.2662,0.42025472754047166
2025-04-17,188.90348,4.5762,1.31,3.2662,0.4318334996469945
2025-04-18,188.97421,4.5762,1.31,3.2662,0.44076123933740674
2025-04-21,188.3476,4.5762,1.31,3.2662,0.45415337526339344
2025-04-22,189.44885,4.5762,1.31,3.2662,0.45478893888712846
2025-04-23,189.79101,4.5762,1.31,3.2662,0.45121515586928146
2025-04-24,190.24561,4.5762,1.31,3.2662,0.44597390390137576
2025-04-25,191.21966,4.5762,1.31,3.2662,0.42737555127906585
2025-04-28,190.8558,4.5762,1.31,3.2662,0.4126354061004674
2025-04-29,190.69493,4.5762,1.31,3.2662,0.39976369859599264
2025-04-30,190.45943,4.5762,1.31,3.2662,0.39682524272896563
2025-05-01,192.80241,4.6004,1.5,3.1003999999999996,0.3246692280461019
2025-05-02,192.22068,4.6004,1.5,3.1003999999999996,0.29033346089875584
2025-05-05,190.95575,4.6004,1.5,3.1003999999999996,0.29278343496604137
2025-05-06,190.42728,4.6004,1.5,3.1003999999999996,0.29478766782703836
2025-05-07,191.10416,4.6004,1.5,3.1003999999999996,0.2702495167948683
2025-05-08,193.28844,4.6004,1.5,3.1003999999999996,0.20688321290629336
2025-05-09,193.24471,4.6004,1.5,3.1003999999999996,0.15378862205331018
2025-05-12,195.3725,4.6004,1.5,3.1003999999999996,0.07353062160873752
2025-05-13,196.18179,4.6004,1.5,3.1003999999999996,-0.009330828995951149
2025-05-14,194.39912,4.6004,1.5,3.1003999999999996,-0.04987017685796223
2025-05-15,193.63445,4.6004,1.5,3.1003999999999996,-0.06901636650945411
2025-05-16,193.29226,4.6004,1.5,3.1003999999999996,-0.07463551055462127
2025-05-19,193.54522,4.6004,1.5,3.1003999999999996,-0.0829867170083709
2025-05-20,193.377,4.6004,1.5,3.1003999999999996,-0.08519195369839923
2025-05-21,192.71528,4.6004,1.5,3.1003999999999996,-0.07942688968656411
2025-05-22,193.25235,4.6004,1.5,3.1003999999999996,-0.07532022152150074
2025-05-23,192.93287,4.6004,1.5,3.1003999999999996,-0.07005080153179113
2025-05-26,193.57685,4.6004,1.5,3.1003999999999996,-0.07330038861941215
2025-05-27,194.8921,4.6004,1.5,3.1003999999999996,-0.1017808238544935
2025-05-28,194.97556,4.6004,1.5,3.1003999999999996,-0.1310491071462376
2025-05-29,194.42076,4.6004,1.5,3.1003999999999996,-0.1415601837226212
2025-05-30,193.72697,4.6004,1.5,3.1003999999999996,-0.1509797214404547
2025-06-02,193.16369,4.6004,1.5,3.1003999999999996,-0.1387980077487875
2025-06-03,194.52763,4.6004,1.5,3.1003999999999996,-0.15047316320772924
2025-06-04,193.34177,4.6004,1.5,3.1003999999999996,-0.1622151428418762
2025-06-05,194.79838,4.6004,1.5,3.1003999999999996,-0.17413823972986872
2025-06-06,195.85169,4.6004,1.5,3.1003999999999996,-0.19981229964877603
2025-06-09,195.86253,4.6004,1.5,3.1003999999999996,-0.24182484645641245
2025-06-10,195.4336,4.6004,1.5,3.1003999999999996,-0.2865086470394448
2025-06-11,195.76498,4.6004,1.5,3.1003999999999996,-0.3257426900742456
2025-06-12,195.24832,4.6004,1.5,3.1003999999999996,-0.3562764219808088
2025-06-13,195.44368,4.6004,1.5,3.1003999999999996,-0.3856048941974419
2025-06-16,196.44293,4.6004,1.5,3.1003999999999996,-0.44755486517706966
2025-06-17,194.9836,4.6004,1.5,3.1003999999999996,-0.5003789988929175
2025-06-18,194.69518,4.6004,1.5,3.1003999999999996,-0.5541242932404133
2025-06-19,195.86297,4.6004,1.5,3.1003999999999996,-0.6530793812222145
2025-06-20,196.44954,4.6004,1.5,3.1003999999999996,-0.7280810970655841
2025-06-23,197.61051,4.6004,1.5,3.1003999999999996,-0.8085724113543927
2025-06-24,197.28047,4.6004,1.5,3.1003999999999996,-0.8255088754159081
2025-06-25,198.45507,4.6004,1.5,3.1003999999999996,-0.8366269761619338
2025-06-26,198.1767,4.6004,1.5,3.1003999999999996,-0.8348714286908462
2025-06-27,198.37301,4.6004,1.5,3.1003999999999996,-0.8253401505458149
2025-06-30,197.76893,4.6004,1.5,3.1003999999999996,-0.8148746825984265
2025-07-01,197.14453,4.5924,1.545,3.0473999999999997,-0.8113032183802698
2025-07-02,195.90841,4.5924,1.545,3.0473999999999997,-0.8060054694021452
2025-07-03,197.84478,4.5924,1.545,3.0473999999999997,-0.8004248818716667
2025-07-04,197.33966,4.5924,1.545,3.0473999999999997,-0.7933300586458274
2025-07-07,198.5726,4.5924,1.545,3.0473999999999997,-0.7859985825368973
2025-07-08,199.08818,4.5924,1.545,3.0473999999999997,-0.779609895563086
2025-07-09,198.77677,4.5924,1.545,3.0473999999999997,-0.766727529999447
2025-07-10,198.50512,4.5924,1.545,3.0473999999999997,-0.7554093032946724
2025-07-11,198.97526,4.5924,1.545,3.0473999999999997,-0.7417133986003693
2025-07-14,198.31679,4.5924,1.545,3.0473999999999997,-0.7213842696807249
2025-07-15,199.15979,4.5924,1.545,3.0473999999999997,-0.7036859826488103
2025-07-16,198.44291,4.5924,1.545,3.0473999999999997,-0.6854848602339323
2025-07-17,199.3469,4.5924,1.545,3.0473999999999997,-0.6694175235612616
2025-07-18,199.46492,4.5924,1.545,3.0473999999999997,-0.6679091894557009
2025-07-21,198.78614,4.5924,1.545,3.0473999999999997,-0.6641732653778128
2025-07-22,198.36106,4.5924,1.545,3.0473999999999997,-0.6663608104628775
2025-07-23,198.93342,4.5924,1.545,3.0473999999999997,-0.7055579181445354
2025-07-24,198.5823,4.5924,1.545,3.0473999999999997,-0.7117960730188394
2025-07-25,198.36644,4.5924,1.545,3.0473999999999997,-0.7176040169075979
2025-07-28,198.36182,4.5924,1.545,3.0473999999999997,-0.7291300917395507
2025-07-29,198.13771,4.5924,1.545,3.0473999999999997,-0.7450635375813413
2025-07-30,197.86325,4.5924,1.545,3.0473999999999997,-0.7563681023198023
2025-07-31,199.05217,4.5924,1.545,3.0473999999999997,-0.7613999117909144
2025-08-01,195.66461,4.6369,1.6,3.0368999999999997,-0.7323225240669132
2025-08-04,195.36636,4.6369,1.6,3.0368999999999997,-0.7013305174305059
2025-08-05,196.29324,4.6369,1.6,3.0368999999999997,-0.6892772152004707
2025-08-06,196.78592,4.6369,1.6,3.0368999999999997,-0.676599860258506
2025-08-07,197.71711,4.6369,1.6,3.0368999999999997,-0.6719503549604375
2025-08-08,198.66863,4.6369,1.6,3.0368999999999997,-0.6733347614061349
2025-08-11,198.92239,4.6369,1.6,3.0368999999999997,-0.6748854492438646
2025-08-12,199.49659,4.6369,1.6,3.0368999999999997,-0.6777045677060716
2025-08-13,200.06835,4.6369,1.6,3.0368999999999997,-0.6821903286776881
2025-08-14,199.93406,4.6369,1.6,3.0368999999999997,-0.6841830865823814
2025-08-15,199.44362,4.6369,1.6,3.0368999999999997,-0.685464349726952
2025-08-18,199.64057,4.6369,1.6,3.0368999999999997,-0.684716658395362
2025-08-19,199.19334,4.6369,1.6,3.0368999999999997,-0.6824261302487846
2025-08-20,198.24852,4.6369,1.6,3.0368999999999997,-0.6749401278104731
2025-08-21,198.97901,4.6369,1.6,3.0368999999999997,-0.6688332806361785
2025-08-22,198.67875,4.6369,1.6,3.0368999999999997,-0.6600121126628214
2025-08-25,198.80976,4.6369,1.6,3.0368999999999997,-0.6519750616335251
2025-08-26,198.6952,4.6369,1.6,3.0368999999999997,-0.6401560514444238
2025-08-27,198.93228,4.6369,1.6,3.0368999999999997,-0.6288899414479867
2025-08-28,198.5183,4.6369,1.6,3.0368999999999997,-0.6120329517444637
2025-08-29,198.52111,4.6369,1.6,3.0368999999999997,-0.5988529889685323
2025-09-01,199.31233,4.6885,1.645,3.0435000000000003,-0.5847536837182788
2025-09-02,198.6287,4.6885,1.645,3.0435000000000003,-0.5634158604397906
2025-09-03,199.07875,4.6885,1.645,3.0435000000000003,-0.5427324683090577
2025-09-04,199.45318,4.6885,1.645,3.0435000000000003,-0.512264974555584
2025-09-05,199.05143,4.6885,1.645,3.0435000000000003,-0.47792417577458696
2025-09-08,199.77279,4.6885,1.645,3.0435000000000003,-0.4541478033305831
2025-09-09,199.35728,4.6885,1.645,3.0435000000000003,-0.3977636235691565
2025-09-10,199.49863,4.6885,1.645,3.0435000000000003,-0.31811934299534605
2025-09-11,199.77984,4.6885,1.645,3.0435000000000003,-0.2454981874250397
2025-09-12,200.1679,4.6885,1.645,3.0435000000000003,-0.17657151186032585
2025-09-15,200.40504,4.6885,1.645,3.0435000000000003,-0.14708668074734566
2025-09-16,199.90126,4.6885,1.645,3.0435000000000003,-0.09189410666063112
2025-09-17,200.24662,4.6885,1.645,3.0435000000000003,-0.09514922189889533
2025-09-18,200.58565,4.6885,1.645,3.0435000000000003,-0.07697835807583962
2025-09-19,199.216,4.6885,1.645,3.0435000000000003,-0.06888173767014018
2025-09-22,199.58575,4.6885,1.645,3.0435000000000003,0.05288006022095352
2025-09-23,199.61176,4.6885,1.645,3.0435000000000003,0.08306089315113759
2025-09-24,200.18116,4.6885,1.645,3.0435000000000003,0.1440409370588715
2025-09-25,199.81986,4.6885,1.645,3.0435000000000003,0.16749647896396774
2025-09-26,200.3166,4.6885,1.645,3.0435000000000003,0.20447394112668654
2025-09-29,199.48351,4.6885,1.645,3.0435000000000003,0.21558693987953423
2025-09-30,198.79239,4.6885,1.645,3.0435000000000003,0.2144360610574159
2025-10-01,198.17928,4.5721,1.655,2.9170999999999996,0.14779683673847335
2025-10-02,197.80351,4.5721,1.655,2.9170999999999996,0.20530775231320772
2025-10-03,198.71963,4.5721,1.655,2.9170999999999996,0.18339599937806064
2025-10-06,202.70187,4.5721,1.655,2.9170999999999996,-0.056333469364644666
2025-10-07,203.88018,4.5721,1.655,2.9170999999999996,-0.2527046398352589
2025-10-08,204.65227,4.5721,1.655,2.9170999999999996,-0.3891650132221749
2025-10-09,203.58511,4.5721,1.655,2.9170999999999996,-0.4685768155912117
2025-10-10,201.90617,4.5721,1.655,2.9170999999999996,-0.5042161374900356
2025-10-13,203.00636,4.5721,1.655,2.9170999999999996,-0.546188752680448
2025-10-14,202.17683,4.5721,1.655,2.9170999999999996,-0.5694828782899826
2025-10-15,202.4087,4.5721,1.655,2.9170999999999996,-0.5934266051043107
2025-10-16,202.01406,4.5721,1.655,2.9170999999999996,-0.6086751799585733
2025-10-17,202.19229,4.5721,1.655,2.9170999999999996,-0.6229849898606981
2025-10-20,202.0519,4.5721,1.655,2.9170999999999996,-0.6340192544862443
2025-10-21,203.06964,4.5721,1.655,2.9170999999999996,-0.6498906238037673
2025-10-22,202.95594,4.5721,1.655,2.9170999999999996,-0.6625390297787379
2025-10-23,203.29759,4.5721,1.655,2.9170999999999996,-0.6772249052168865
2025-10-24,203.42807,4.5721,1.655,2.9170999999999996,-0.7000767063848573
2025-10-27,203.85215,4.5721,1.655,2.9170999999999996,-0.7265444447078843
2025-10-28,201.8367,4.5721,1.655,2.9170999999999996,-0.7375773070484954
2025-10-29,201.4703,4.5721,1.655,2.9170999999999996,-0.7428374238082849
2025-10-30,202.6678,4.5721,1.655,2.9170999999999996,-0.7499182291275417
2025-10-31,202.5254,4.5721,1.655,2.9170999999999996,-0.7536801143222804
2025-11-03,202.6011,4.5721,1.655,2.9170999999999996,-0.7570890411241367
2025-11-04,200.04761,4.5721,1.655,2.9170999999999996,-0.740307397355454
2025-11-05,201.09814,4.5721,1.655,2.9170999999999996,-0.7379914735867286
2025-11-06,201.05962,4.5721,1.655,2.9170999999999996,-0.7348738568787919
2025-11-07,201.82838,4.5721,1.655,2.9170999999999996,-0.734986751077443
2025-11-10,203.04862,4.5721,1.655,2.9170999999999996,-0.7390675649281073
2025-11-11,202.70725,4.5721,1.655,2.9170999999999996,-0.740614908818007
2025-11-12,203.21301,4.5721,1.655,2.9170999999999996,-0.7411679981703176
2025-11-13,203.83599,4.5721,1.655,2.9170999999999996,-0.7406987121103624
2025-11-14,203.49827,4.5721,1.655,2.9170999999999996,-0.7398448434455456
2025-11-17,204.21822,4.5721,1.655,2.9170999999999996,-0.7369978420594103
2025-11-18,204.3581,4.5721,1.655,2.9170999999999996,-0.733120593986001
2025-11-19,205.17504,4.5721,1.655,2.9170999999999996,-0.7255469580071933
2025-11-20,205.80022,4.5721,1.655,2.9170999999999996,-0.7137384721265279
2025-11-21,204.77707,4.5721,1.655,2.9170999999999996,-0.7072461786225201
2025-11-24,205.57297,4.5721,1.655,2.9170999999999996,-0.6984276841678432
2025-11-25,205.44226,4.5721,1.655,2.9170999999999996,-0.687439744143682
2025-11-26,207.16628,4.5721,1.655,2.9170999999999996,-0.667457156410525
2025-11-27,206.92557,4.5721,1.655,2.9170999999999996,-0.6526976932600393
2025-11-28,206.68014,4.5721,1.655,2.9170999999999996,-0.637549173215586
2025-12-01,205.29428,4.4826,2.06,2.4225999999999996,-0.5301161322833657
2025-12-02,205.90902,4.4826,2.06,2.4225999999999996,-0.5271825850964996
2025-12-03,207.27645,4.4826,2.06,2.4225999999999996,-0.5650402877864887
2025-12-04,206.6441,4.4826,2.06,2.4225999999999996,-0.5851577868027825
2025-12-05,207.05269,4.4826,2.06,2.4225999999999996,-0.6091020980972311
2025-12-08,207.63866,4.4826,2.06,2.4225999999999996,-0.6358720451723945
2025-12-09,208.56106,4.4826,2.06,2.4225999999999996,-0.6644514606357347
2025-12-10,208.77258,4.4826,2.06,2.4225999999999996,-0.6888015200995861
2025-12-11,208.246,4.4826,2.06,2.4225999999999996,-0.7057129849344261
2025-12-12,208.28681,4.4826,2.06,2.4225999999999996,-0.718939211485879
2025-12-15,207.56233,4.4826,2.06,2.4225999999999996,-0.7258677733489861
2025-12-16,207.62082,4.4826,2.06,2.4225999999999996,-0.7318713128847967
2025-12-17,208.20863,4.4826,2.06,2.4225999999999996,-0.7395872797573014
2025-12-18,208.08141,4.4826,2.06,2.4225999999999996,-0.7451586554658575
2025-12-19,210.99062,4.4826,2.06,2.4225999999999996,-0.7543514785864427
2025-12-22,211.42071,4.4826,2.06,2.4225999999999996,-0.7612235709970323
2025-12-23,211.13344,4.4826,2.06,2.4225999999999996,-0.767367295481949
2025-12-24,210.53669,4.4826,2.06,2.4225999999999996,-0.7867695168613508
2025-12-25,210.67482,4.4826,2.06,2.4225999999999996,-0.8084485784551996
2025-12-26,211.25073,4.4826,2.06,2.4225999999999996,-0.8239393127337103
2025-12-29,210.77883,4.4826,2.06,2.4225999999999996,-0.8282273165570052
2025-12-30,210.59477,4.4826,2.06,2.4225999999999996,-0.8333173591150562
2025-12-31,211.05454,4.4826,2.06,2.4225999999999996,-0.8393896954323697
2026-01-01,211.05235,4.451,2.24,2.2109999999999994,-0.8468170405219986
2026-01-02,211.00354,4.451,2.24,2.2109999999999994,-0.852396500165253
2026-01-05,211.73852,4.451,2.24,2.2109999999999994,-0.8586978893908329
2026-01-06,211.437,4.451,2.24,2.2109999999999994,-0.8633675562208162
2026-01-07,210.95193,4.451,2.24,2.2109999999999994,-0.8662411461481979
2026-01-08,210.77053,4.451,2.24,2.2109999999999994,-0.8683699936368434
2026-01-09,211.54341,4.451,2.24,2.2109999999999994,-0.8713947046148768
2026-01-12,212.85408,4.451,2.24,2.2109999999999994,-0.8746179839634448
2026-01-13,213.50722,4.451,2.24,2.2109999999999994,-0.8768163339372982
2026-01-14,212.89823,4.451,2.24,2.2109999999999994,-0.8788206610589145
2026-01-15,212.22859,4.451,2.24,2.2109999999999994,-0.8804449326372014
2026-01-16,211.54023,4.451,2.24,2.2109999999999994,-0.881166548271033
2026-01-19,212.23344,4.451,2.24,2.2109999999999994,-0.8826322802561122
2026-01-20,212.47452,4.451,2.24,2.2109999999999994,-0.883015248925584
2026-01-21,212.45063,4.451,2.24,2.2109999999999994,-0.8833906971645841
2026-01-22,213.79248,4.451,2.24,2.2109999999999994,-0.8819910993696629
2026-01-23,212.40401,4.451,2.24,2.2109999999999994,-0.8808622808599249
2026-01-26,210.83095,4.451,2.24,2.2109999999999994,-0.8774927311777037
2026-01-27,210.72227,4.451,2.24,2.2109999999999994,-0.8775698894574618
2026-01-28,211.7687,4.451,2.24,2.2109999999999994,-0.8766944932208715
2026-01-29,211.31013,4.451,2.24,2.2109999999999994,-0.8754487687334502
2026-01-30,211.83549,4.451,2.24,2.2109999999999994,-0.8728698250566186
2026-02-02,212.58072,4.451,2.24,2.2109999999999994,-0.8683472348341276
2026-02-03,213.30338,4.451,2.24,2.2109999999999994,-0.8623289994680434
2026-02-04,214.10025,4.451,2.24,2.2109999999999994,-0.8531576463157449
2026-02-05,212.38307,4.451,2.24,2.2109999999999994,-0.8455941243655534
2026-02-06,213.93348,4.451,2.24,2.2109999999999994,-0.8339412331516313
2026-02-09,213.37234,4.451,2.24,2.2109999999999994,-0.8227233058003698
2026-02-10,210.57432,4.451,2.24,2.2109999999999994,-0.8065596659994331
2026-02-11,208.7895,4.451,2.24,2.2109999999999994,-0.7807342730486693
2026-02-12,208.01826,4.451,2.24,2.2109999999999994,-0.7497009316452257
2026-02-13,208.37766,4.451,2.24,2.2109999999999994,-0.7088610832369825
2026-02-16,209.15738,4.451,2.24,2.2109999999999994,-0.6751361572250487
2026-02-17,207.95498,4.451,2.24,2.2109999999999994,-0.6219915800637649
2026-02-18,208.86766,4.451,2.24,2.2109999999999994,-0.6036102902107191
2026-02-19,208.63408,4.451,2.24,2.2109999999999994,-0.5818209884170287
2026-02-20,209.03841,4.451,2.24,2.2109999999999994,-0.5681142519747571
2026-02-23,208.56692,4.451,2.24,2.2109999999999994,-0.5328056411545519
2026-02-24,210.23536,4.451,2.24,2.2109999999999994,-0.5082111943414522
2026-02-25,211.92095,4.451,2.24,2.2109999999999994,-0.493277241519463
2026-02-26,210.45189,4.451,2.24,2.2109999999999994,-0.46565048540624715
2026-02-27,210.41782,4.451,2.24,2.2109999999999994,-0.4358586576589511
2026-03-02,210.91427,4.451,2.24,2.2109999999999994,-0.4092735554608261
2026-03-03,210.60593,4.451,2.24,2.2109999999999994,-0.38640837718540505
2026-03-04,209.98052,4.451,2.24,2.2109999999999994,-0.359558907220981
2026-03-05,210.43473,4.451,2.24,2.2109999999999994,-0.326653411767212
2026-03-06,211.61217,4.451,2.24,2.2109999999999994,-0.2962006528767376
2026-03-09,211.78934,4.451,2.24,2.2109999999999994,-0.2500832862410919
2026-03-10,212.02646,4.451,2.24,2.2109999999999994,-0.19631246438059535
2026-03-11,213.15443,4.451,2.24,2.2109999999999994,-0.14699586011637503
2026-03-12,212.56215,4.451,2.24,2.2109999999999994,-0.08209663631615229
2026-03-13,211.16856,4.451,2.24,2.2109999999999994,-0.07923075241190433
2026-03-16,211.8043,4.451,2.24,2.2109999999999994,-0.09212628089960039
2026-03-17,212.30189,4.451,2.24,2.2109999999999994,-0.09873904207082097
2026-03-18,211.87844,4.451,2.24,2.2109999999999994,-0.08259160020853717
2026-03-19,211.81796,4.451,2.24,2.2109999999999994,-0.06783877592797771
2026-03-20,212.38356,4.451,2.24,2.2109999999999994,-0.07789100548321426
2026-03-23,212.7398,4.451,2.24,2.2109999999999994,-0.06481055836599682
2026-03-24,212.77401,4.451,2.24,2.2109999999999994,-0.02846999655909009
2026-03-25,213.0864,4.451,2.24,2.2109999999999994,
2026-03-26,212.99742,4.451,2.24,2.2109999999999994,
2026-03-27,212.50694,4.451,2.24,2.2109999999999994,
2026-03-30,210.59082,4.451,2.24,2.2109999999999994,
2026-03-31,209.84636,4.451,2.24,2.2109999999999994,
2026-04-01,211.24091,4.451,2.24,2.2109999999999994,
2026-04-02,211.02586,4.451,2.24,2.2109999999999994,
2026-04-03,210.44368,4.451,2.24,2.2109999999999994,
